<?xml version="1.0" encoding="UTF-8"?>
<project-private xmlns="http://www.netbeans.org/ns/project-private/1">
    <editor-bookmarks xmlns="http://www.netbeans.org/ns/editor-bookmarks/2" lastBookmarkId="0"/>
    <open-files xmlns="http://www.netbeans.org/ns/projectui-open-files/2">
        <group>
            <file>file:/C:/Users/angel/Documents/NetBeansProjects/KinalCare_2017379/src/org/angelescobar/db/Conexion.java</file>
            <file>file:/C:/Users/angel/Documents/NetBeansProjects/KinalCare_2017379/src/org/angelescobar/system/Principal.java</file>
            <file>file:/C:/Users/angel/Documents/NetBeansProjects/KinalCare_2017379/src/org/angelescobar/controller/ProgramadorController.java</file>
            <file>file:/C:/Users/angel/Documents/NetBeansProjects/KinalCare_2017379/src/org/angelescobar/bean/Receta.java</file>
            <file>file:/C:/Users/angel/Documents/NetBeansProjects/KinalCare_2017379/src/org/angelescobar/bean/Doctores.java</file>
            <file>file:/C:/Users/angel/Documents/NetBeansProjects/KinalCare_2017379/src/org/angelescobar/bean/Paciente.java</file>
            <file>file:/C:/Users/angel/Documents/NetBeansProjects/KinalCare_2017379/src/org/angelescobar/controller/RecetaController.java</file>
            <file>file:/C:/Users/angel/Documents/NetBeansProjects/KinalCare_2017379/src/org/angelescobar/controller/MenuPrincipalController.java</file>
            <file>file:/C:/Users/angel/Documents/NetBeansProjects/KinalCare_2017379/src/org/angelescobar/controller/PacientesController.java</file>
        </group>
    </open-files>
</project-private>
